##	Complex Inference Report: The results of computationally predicting protein complexes.
##	
##	For CSC040 version 27.5  'Rhodococcus <high G+C Gram-positive bacteria> strain'  on Wed Jun 26, 2024
##	
##	
##	
####	Summary Statistics
##	
CPLX-COUNT-TOTAL-INF	Total count of complexes inferred and newly created	77
CPLX-COUNT-RXN-BASED	Complexes inferred, created by SHARED REACTIONS	13
CPLX-COUNT-HYBRID	Complexes created by SHARED REACTIONS and augmented by NAME STRING ANALYSIS	46
CPLX-COUNT-NAME-BASED	Complexes inferred, created by NAME STRING ANALYSIS	7
CPLX-COUNT-ABC	Complexes created by ABC TRANSPORTER ANALYSIS	11
CPLX-COUNT-PRE-EXISTING	Complexes that pre-existed in the PGDB	8
PP-COUNT-OF-INF-CPLXS	Total count of polypeptides (monomers) in the inferred complexes	167
PP-LONELY	Polypeptides containing subunit-related words, but with no matching sibling subunits	32
PP-NOT-RECOGNIZED	Unique polypeptides, NOT recognized as subunit candidates	5650
PP-INPUT-COUNT	Polypeptide count of the input to complex-inference	5939
##	
####	Complexes created, inferred by SHARED REACTIONS
##	
##	This first mechanism for inference of protein complexes focuses on multiple polypeptides that
##	catalyze a common reaction.  A complex is inferred for each set of subunits that catalyze the
##	same reaction(s), contain subunit-related words in their names, and whose genes are near one
##	another in the genome. After the complex inference, the reactions are marked as catalyzed
##	by the complexes instead of by the polypeptides.
##	
CPLX-BY-SHARED-RXNS	Acetyl-/propionyl-coenzyme A carboxylase	CPLX6ODWLV-44
SUBUNIT-OF-CPLX	Acetyl-/propionyl-coenzyme A carboxylase alpha chain	NKDMNDFP_04220-MONOMER
SUBUNIT-OF-CPLX	putative propionyl-CoA carboxylase beta chain 5	NKDMNDFP_04219-MONOMER
##	
CPLX-BY-SHARED-RXNS	Cytochrome bc1 complex cytochrome	CPLX6ODWLV-25
SUBUNIT-OF-CPLX	Cytochrome bc1 complex cytochrome b subunit	NKDMNDFP_04447-MONOMER
SUBUNIT-OF-CPLX	Cytochrome bc1 complex cytochrome c subunit	NKDMNDFP_04449-MONOMER
##	
CPLX-BY-SHARED-RXNS	Cytochrome bd-I ubiquinol oxidase	CPLX6ODWLV-56
SUBUNIT-OF-CPLX	Cytochrome bd ubiquinol oxidase subunit 1	NKDMNDFP_00584-MONOMER
SUBUNIT-OF-CPLX	Cytochrome bd-I ubiquinol oxidase subunit 2	NKDMNDFP_00585-MONOMER
##	
CPLX-BY-SHARED-RXNS	Electron transfer flavoprotein	CPLX6ODWLV-53
SUBUNIT-OF-CPLX	Electron transfer flavoprotein subunit alpha	NKDMNDFP_02138-MONOMER
SUBUNIT-OF-CPLX	Electron transfer flavoprotein subunit beta	NKDMNDFP_02139-MONOMER
##	
CPLX-BY-SHARED-RXNS	Long-chain-fatty-acid--CoA ligase	CPLX6ODWLV-37
SUBUNIT-OF-CPLX	Long-chain-fatty-acid--CoA ligase	NKDMNDFP_05926-MONOMER
SUBUNIT-OF-CPLX	Long-chain-fatty-acid--CoA ligase	NKDMNDFP_05928-MONOMER
##	
CPLX-BY-SHARED-RXNS	Long-chain-fatty-acid--CoA ligase	CPLX6ODWLV-36
SUBUNIT-OF-CPLX	Long-chain-fatty-acid--CoA ligase	NKDMNDFP_01333-MONOMER
SUBUNIT-OF-CPLX	Long-chain-fatty-acid--CoA ligase FadD15	NKDMNDFP_01325-MONOMER
##	
CPLX-BY-SHARED-RXNS	Long-chain-fatty-acid--CoA ligase	CPLX6ODWLV-35
SUBUNIT-OF-CPLX	Long-chain-fatty-acid--CoA ligase	NKDMNDFP_01245-MONOMER
SUBUNIT-OF-CPLX	Long-chain-fatty-acid--CoA ligase	NKDMNDFP_01255-MONOMER
##	
CPLX-BY-SHARED-RXNS	Long-chain-fatty-acid--CoA ligase	CPLX6ODWLV-34
SUBUNIT-OF-CPLX	Long-chain-fatty-acid--CoA ligase	NKDMNDFP_00352-MONOMER
SUBUNIT-OF-CPLX	Long-chain-fatty-acid--CoA ligase FadD17	NKDMNDFP_00353-MONOMER
##	
CPLX-BY-SHARED-RXNS	Long-chain-fatty-acid--CoA ligase	CPLX6ODWLV-33
SUBUNIT-OF-CPLX	Long-chain-fatty-acid--CoA ligase	NKDMNDFP_00239-MONOMER
SUBUNIT-OF-CPLX	Long-chain-fatty-acid--CoA ligase	NKDMNDFP_00255-MONOMER
SUBUNIT-OF-CPLX	Long-chain-fatty-acid--CoA ligase FadD13	NKDMNDFP_00248-MONOMER
##	
CPLX-BY-SHARED-RXNS	Long-chain-fatty-acid--CoA ligase	CPLX6ODWLV-32
SUBUNIT-OF-CPLX	Long-chain-fatty-acid--CoA ligase	NKDMNDFP_03263-MONOMER
SUBUNIT-OF-CPLX	Long-chain-fatty-acid--CoA ligase	NKDMNDFP_03268-MONOMER
##	
CPLX-BY-SHARED-RXNS	Long-chain-fatty-acid--CoA ligase FadD13	CPLX6ODWLV-43
SUBUNIT-OF-CPLX	Long-chain-fatty-acid--CoA ligase FadD13	NKDMNDFP_00914-MONOMER
SUBUNIT-OF-CPLX	Medium-chain fatty-acid--CoA ligase	NKDMNDFP_00923-MONOMER
##	
CPLX-BY-SHARED-RXNS	PTS system N-acetylglucosamine-specific EII	CPLX6ODWLV-58
SUBUNIT-OF-CPLX	PTS system N-acetylglucosamine-specific EIIB component	NKDMNDFP_05324-MONOMER
SUBUNIT-OF-CPLX	PTS system N-acetylglucosamine-specific EIIC component	NKDMNDFP_05325-MONOMER
##	
CPLX-BY-SHARED-RXNS	Ribonucleoside-diphosphate reductase	CPLX6ODWLV-11
SUBUNIT-OF-CPLX	Ribonucleoside-diphosphate reductase subunit alpha 2	NKDMNDFP_02163-MONOMER
SUBUNIT-OF-CPLX	Ribonucleoside-diphosphate reductase subunit beta nrdF2	NKDMNDFP_02160-MONOMER
##	
##	
####	Complexes created by SHARED REACTIONS and augmented by NAME STRING ANALYSIS
##	
##	After complexes were created by shared reactions, sometimes the inference
##	by name analysis may also find matches with one of the previously created complexes,
##	given that all polypeptide name strings are analyzed, even of those polypeptides that are
##	already in a complex.  In such a match, additional polypeptides will be added to the complex
##	that was based merely on shared reactions, instead of creating a separate but partial complex.
##	
CPLX-HYBRID	1,2-phenylacetyl-CoA epoxidase	CPLX6ODWLV-59
SUBUNIT-OF-CPLX	1,2-phenylacetyl-CoA epoxidase, subunit A	NKDMNDFP_03319-MONOMER
SUBUNIT-OF-CPLX	1,2-phenylacetyl-CoA epoxidase, subunit B	NKDMNDFP_03318-MONOMER
SUBUNIT-OF-CPLX	1,2-phenylacetyl-CoA epoxidase, subunit C	NKDMNDFP_03317-MONOMER
SUBUNIT-OF-CPLX	1,2-phenylacetyl-CoA epoxidase, subunit E	NKDMNDFP_03315-MONOMER
SUBUNIT-OF-CPLX	Putative 1,2-phenylacetyl-CoA epoxidase, subunit D	NKDMNDFP_03316-MONOMER
##	
CPLX-HYBRID	2-halobenzoate 1,2-dioxygenase	CPLX6ODWLV-13
SUBUNIT-OF-CPLX	2-halobenzoate 1,2-dioxygenase large subunit	NKDMNDFP_00014-MONOMER
SUBUNIT-OF-CPLX	2-halobenzoate 1,2-dioxygenase small subunit	NKDMNDFP_00013-MONOMER
##	
CPLX-HYBRID	3-isopropylmalate dehydratase	CPLX6ODWLV-21
SUBUNIT-OF-CPLX	3-isopropylmalate dehydratase large subunit	NKDMNDFP_02102-MONOMER
SUBUNIT-OF-CPLX	3-isopropylmalate dehydratase small subunit	NKDMNDFP_02101-MONOMER
##	
CPLX-HYBRID	3-methyl-2-oxobutanoate dehydrogenase	CPLX6ODWLV-17
SUBUNIT-OF-CPLX	3-methyl-2-oxobutanoate dehydrogenase subunit alpha	NKDMNDFP_05306-MONOMER
SUBUNIT-OF-CPLX	3-methyl-2-oxobutanoate dehydrogenase subunit beta	NKDMNDFP_05305-MONOMER
##	
CPLX-HYBRID	3-methyl-2-oxobutanoate dehydrogenase	CPLX6ODWLV-55
SUBUNIT-OF-CPLX	3-methyl-2-oxobutanoate dehydrogenase subunit alpha	NKDMNDFP_02621-MONOMER
SUBUNIT-OF-CPLX	3-methyl-2-oxobutanoate dehydrogenase subunit beta	NKDMNDFP_02620-MONOMER
##	
CPLX-HYBRID	3-oxoadipate CoA-transferase	CPLX6ODWLV-30
SUBUNIT-OF-CPLX	3-oxoadipate CoA-transferase subunit A	NKDMNDFP_02382-MONOMER
SUBUNIT-OF-CPLX	3-oxoadipate CoA-transferase subunit B	NKDMNDFP_02383-MONOMER
##	
CPLX-HYBRID	5-oxoprolinase	CPLX6ODWLV-64
SUBUNIT-OF-CPLX	5-oxoprolinase subunit A	NKDMNDFP_04971-MONOMER
SUBUNIT-OF-CPLX	5-oxoprolinase subunit B	NKDMNDFP_04972-MONOMER
SUBUNIT-OF-CPLX	5-oxoprolinase subunit C	NKDMNDFP_04973-MONOMER
##	
CPLX-HYBRID	5-oxoprolinase	CPLX6ODWLV-63
SUBUNIT-OF-CPLX	5-oxoprolinase subunit A	NKDMNDFP_02980-MONOMER
SUBUNIT-OF-CPLX	5-oxoprolinase subunit B	NKDMNDFP_02981-MONOMER
SUBUNIT-OF-CPLX	5-oxoprolinase subunit C	NKDMNDFP_02982-MONOMER
##	
CPLX-HYBRID	ATP synthase	CPLX6ODWLV-10
SUBUNIT-OF-CPLX	ATP synthase epsilon chain	NKDMNDFP_05383-MONOMER
SUBUNIT-OF-CPLX	ATP synthase gamma chain	NKDMNDFP_05381-MONOMER
SUBUNIT-OF-CPLX	ATP synthase subunit a	NKDMNDFP_05376-MONOMER
SUBUNIT-OF-CPLX	ATP synthase subunit alpha	NKDMNDFP_05380-MONOMER
SUBUNIT-OF-CPLX	ATP synthase subunit b	NKDMNDFP_05378-MONOMER
SUBUNIT-OF-CPLX	ATP synthase subunit b-delta	NKDMNDFP_05379-MONOMER
SUBUNIT-OF-CPLX	ATP synthase subunit beta	NKDMNDFP_05382-MONOMER
SUBUNIT-OF-CPLX	ATP synthase subunit c	NKDMNDFP_05377-MONOMER
##	
CPLX-HYBRID	ATP-dependent Clp protease	CPLX6ODWLV-62
SUBUNIT-OF-CPLX	ATP-dependent Clp protease ATP-binding subunit ClpX	NKDMNDFP_05439-MONOMER
SUBUNIT-OF-CPLX	ATP-dependent Clp protease proteolytic subunit 1	NKDMNDFP_05437-MONOMER
SUBUNIT-OF-CPLX	ATP-dependent Clp protease proteolytic subunit 2	NKDMNDFP_05438-MONOMER
##	
CPLX-HYBRID	ATP-dependent Clp protease	CPLX6ODWLV-61
SUBUNIT-OF-CPLX	ATP-dependent Clp protease proteolytic subunit	NKDMNDFP_03723-MONOMER
SUBUNIT-OF-CPLX	ATP-dependent Clp protease proteolytic subunit 1	NKDMNDFP_03724-MONOMER
##	
CPLX-HYBRID	Acetoin:2,6-dichlorophenolindophenol oxidoreductase	CPLX6ODWLV-26
SUBUNIT-OF-CPLX	Acetoin:2,6-dichlorophenolindophenol oxidoreductase subunit alpha	NKDMNDFP_00813-MONOMER
SUBUNIT-OF-CPLX	Acetoin:2,6-dichlorophenolindophenol oxidoreductase subunit beta	NKDMNDFP_00814-MONOMER
##	
CPLX-HYBRID	Acetolactate synthase	CPLX6ODWLV-9
SUBUNIT-OF-CPLX	Acetolactate synthase large subunit IlvB1	NKDMNDFP_02115-MONOMER
SUBUNIT-OF-CPLX	Acetolactate synthase small subunit	NKDMNDFP_02114-MONOMER
SUBUNIT-OF-CPLX	Putative acetolactate synthase large subunit IlvX	NKDMNDFP_00233-MONOMER
##	
CPLX-HYBRID	Acetophenone carboxylase	CPLX6ODWLV-42
SUBUNIT-OF-CPLX	Acetophenone carboxylase delta subunit	NKDMNDFP_03688-MONOMER
SUBUNIT-OF-CPLX	Acetophenone carboxylase gamma subunit	NKDMNDFP_03689-MONOMER
##	
CPLX-HYBRID	Carbamoyl-phosphate synthase	CPLX6ODWLV-66
SUBUNIT-OF-CPLX	Carbamoyl-phosphate synthase large chain	NKDMNDFP_01621-MONOMER
SUBUNIT-OF-CPLX	Carbamoyl-phosphate synthase small chain	NKDMNDFP_01622-MONOMER
##	
CPLX-HYBRID	DNA gyrase	CPLX6ODWLV-45
SUBUNIT-OF-CPLX	DNA gyrase subunit A	NKDMNDFP_02685-MONOMER
SUBUNIT-OF-CPLX	DNA gyrase subunit B	NKDMNDFP_02684-MONOMER
##	
CPLX-HYBRID	DNA-directed RNA polymerase	CPLX6ODWLV-60
SUBUNIT-OF-CPLX	DNA-directed RNA polymerase subunit alpha	NKDMNDFP_02566-MONOMER
SUBUNIT-OF-CPLX	DNA-directed RNA polymerase subunit beta	NKDMNDFP_04198-MONOMER
SUBUNIT-OF-CPLX	DNA-directed RNA polymerase subunit beta'	NKDMNDFP_04199-MONOMER
SUBUNIT-OF-CPLX	DNA-directed RNA polymerase subunit omega	NKDMNDFP_01616-MONOMER
##	
CPLX-HYBRID	Ethanolamine ammonia-lyase	CPLX6ODWLV-24
SUBUNIT-OF-CPLX	Ethanolamine ammonia-lyase heavy chain	NKDMNDFP_04278-MONOMER
SUBUNIT-OF-CPLX	Ethanolamine ammonia-lyase light chain	NKDMNDFP_04279-MONOMER
##	
CPLX-HYBRID	Exodeoxyribonuclease 7	CPLX6ODWLV-52
SUBUNIT-OF-CPLX	Exodeoxyribonuclease 7 large subunit	NKDMNDFP_01184-MONOMER
SUBUNIT-OF-CPLX	Exodeoxyribonuclease 7 small subunit	NKDMNDFP_01183-MONOMER
##	
CPLX-HYBRID	Fumarate reductase	CPLX6ODWLV-15
SUBUNIT-OF-CPLX	Fumarate reductase flavoprotein subunit	NKDMNDFP_03301-MONOMER
SUBUNIT-OF-CPLX	Fumarate reductase iron-sulfur subunit	NKDMNDFP_03302-MONOMER
##	
CPLX-HYBRID	Glutamate synthase [NADPH]	CPLX6ODWLV-51
SUBUNIT-OF-CPLX	Glutamate synthase [NADPH] large chain	NKDMNDFP_04663-MONOMER
SUBUNIT-OF-CPLX	Glutamate synthase [NADPH] small chain	NKDMNDFP_04664-MONOMER
##	
CPLX-HYBRID	Glutamate synthase [NADPH]	CPLX6ODWLV-50
SUBUNIT-OF-CPLX	Glutamate synthase [NADPH] large chain	NKDMNDFP_02732-MONOMER
SUBUNIT-OF-CPLX	Glutamate synthase [NADPH] small chain	NKDMNDFP_02733-MONOMER
##	
CPLX-HYBRID	Glutamyl-tRNA(Gln) amidotransferase	CPLX6ODWLV-48
SUBUNIT-OF-CPLX	Aspartyl/glutamyl-tRNA(Asn/Gln) amidotransferase subunit B	NKDMNDFP_02122-MONOMER
SUBUNIT-OF-CPLX	Glutamyl-tRNA(Gln) amidotransferase subunit A	NKDMNDFP_02128-MONOMER
SUBUNIT-OF-CPLX	Glutamyl-tRNA(Gln) amidotransferase subunit C	NKDMNDFP_02129-MONOMER
##	
CPLX-HYBRID	Imidazole glycerol phosphate synthase	CPLX6ODWLV-40
SUBUNIT-OF-CPLX	Imidazole glycerol phosphate synthase subunit HisF	NKDMNDFP_04605-MONOMER
SUBUNIT-OF-CPLX	Imidazole glycerol phosphate synthase subunit HisH	NKDMNDFP_04601-MONOMER
##	
CPLX-HYBRID	K(+)/H(+) antiporter	CPLX6ODWLV-67
SUBUNIT-OF-CPLX	K(+)/H(+) antiporter subunit KhtT	NKDMNDFP_01777-MONOMER
SUBUNIT-OF-CPLX	K(+)/H(+) antiporter subunit KhtU	NKDMNDFP_01776-MONOMER
##	
CPLX-HYBRID	Lipid II isoglutaminyl synthase (glutamine-hydrolyzing)	CPLX6ODWLV-46
SUBUNIT-OF-CPLX	Lipid II isoglutaminyl synthase (glutamine-hydrolyzing) subunit GatD	NKDMNDFP_03113-MONOMER
SUBUNIT-OF-CPLX	Lipid II isoglutaminyl synthase (glutamine-hydrolyzing) subunit MurT	NKDMNDFP_03114-MONOMER
##	
CPLX-HYBRID	NAD(P) transhydrogenase	CPLX6ODWLV-38
SUBUNIT-OF-CPLX	NAD(P) transhydrogenase subunit alpha	NKDMNDFP_05299-MONOMER
SUBUNIT-OF-CPLX	NAD(P) transhydrogenase subunit alpha part 1	NKDMNDFP_05298-MONOMER
SUBUNIT-OF-CPLX	NAD(P) transhydrogenase subunit beta	NKDMNDFP_05300-MONOMER
##	
CPLX-HYBRID	NADH-quinone oxidoreductase	CPLX6ODWLV-57
SUBUNIT-OF-CPLX	NADH-quinone oxidoreductase subunit 11	NKDMNDFP_01870-MONOMER
SUBUNIT-OF-CPLX	NADH-quinone oxidoreductase subunit A	NKDMNDFP_01860-MONOMER
SUBUNIT-OF-CPLX	NADH-quinone oxidoreductase subunit B	NKDMNDFP_01861-MONOMER
SUBUNIT-OF-CPLX	NADH-quinone oxidoreductase subunit C	NKDMNDFP_01862-MONOMER
SUBUNIT-OF-CPLX	NADH-quinone oxidoreductase subunit D	NKDMNDFP_01863-MONOMER
SUBUNIT-OF-CPLX	NADH-quinone oxidoreductase subunit E	NKDMNDFP_01864-MONOMER
SUBUNIT-OF-CPLX	NADH-quinone oxidoreductase subunit F	NKDMNDFP_01865-MONOMER
SUBUNIT-OF-CPLX	NADH-quinone oxidoreductase subunit G	NKDMNDFP_01866-MONOMER
SUBUNIT-OF-CPLX	NADH-quinone oxidoreductase subunit H	NKDMNDFP_01867-MONOMER
SUBUNIT-OF-CPLX	NADH-quinone oxidoreductase subunit I	NKDMNDFP_01868-MONOMER
SUBUNIT-OF-CPLX	NADH-quinone oxidoreductase subunit L	NKDMNDFP_01871-MONOMER
SUBUNIT-OF-CPLX	NADH-quinone oxidoreductase subunit M	NKDMNDFP_01872-MONOMER
SUBUNIT-OF-CPLX	NADH-quinone oxidoreductase subunit N	NKDMNDFP_01873-MONOMER
##	
CPLX-HYBRID	Na(+)/H(+) antiporter	CPLX6ODWLV-19
SUBUNIT-OF-CPLX	Na(+)/H(+) antiporter subunit D	NKDMNDFP_03962-MONOMER
SUBUNIT-OF-CPLX	Na(+)/H(+) antiporter subunit G	NKDMNDFP_03959-MONOMER
##	
CPLX-HYBRID	Nitrile hydratase	CPLX6ODWLV-39
SUBUNIT-OF-CPLX	Nitrile hydratase subunit alpha	NKDMNDFP_03738-MONOMER
SUBUNIT-OF-CPLX	Nitrile hydratase subunit beta	NKDMNDFP_03739-MONOMER
##	
CPLX-HYBRID	Phenylalanine--tRNA ligase	CPLX6ODWLV-14
SUBUNIT-OF-CPLX	Phenylalanine--tRNA ligase alpha subunit	NKDMNDFP_04708-MONOMER
SUBUNIT-OF-CPLX	Phenylalanine--tRNA ligase beta subunit	NKDMNDFP_04709-MONOMER
##	
CPLX-HYBRID	Phosphoribosylformylglycinamidine synthase	CPLX6ODWLV-18
SUBUNIT-OF-CPLX	Phosphoribosylformylglycinamidine synthase subunit PurL	NKDMNDFP_00569-MONOMER
SUBUNIT-OF-CPLX	Phosphoribosylformylglycinamidine synthase subunit PurQ	NKDMNDFP_05213-MONOMER
SUBUNIT-OF-CPLX	Phosphoribosylformylglycinamidine synthase subunit PurS	NKDMNDFP_05214-MONOMER
##	
CPLX-HYBRID	Proteasome	CPLX6ODWLV-65
SUBUNIT-OF-CPLX	Proteasome subunit alpha 2	NKDMNDFP_01448-MONOMER
SUBUNIT-OF-CPLX	Proteasome subunit beta 2	NKDMNDFP_01447-MONOMER
##	
CPLX-HYBRID	Protocatechuate 3,4-dioxygenase	CPLX6ODWLV-54
SUBUNIT-OF-CPLX	Protocatechuate 3,4-dioxygenase alpha chain	NKDMNDFP_00163-MONOMER
SUBUNIT-OF-CPLX	Protocatechuate 3,4-dioxygenase beta chain	NKDMNDFP_00164-MONOMER
##	
CPLX-HYBRID	Pyridoxal 5'-phosphate synthase	CPLX6ODWLV-41
SUBUNIT-OF-CPLX	Pyridoxal 5'-phosphate synthase subunit PdxS	NKDMNDFP_01716-MONOMER
SUBUNIT-OF-CPLX	Pyridoxal 5'-phosphate synthase subunit PdxT	NKDMNDFP_01709-MONOMER
##	
CPLX-HYBRID	RecBCD enzyme	CPLX6ODWLV-12
SUBUNIT-OF-CPLX	RecBCD enzyme subunit RecB	NKDMNDFP_04893-MONOMER
SUBUNIT-OF-CPLX	RecBCD enzyme subunit RecC	NKDMNDFP_04894-MONOMER
SUBUNIT-OF-CPLX	RecBCD enzyme subunit RecD	NKDMNDFP_04892-MONOMER
##	
CPLX-HYBRID	Succinate dehydrogenase	CPLX6ODWLV-16
SUBUNIT-OF-CPLX	Succinate dehydrogenase flavoprotein subunit	NKDMNDFP_02404-MONOMER
SUBUNIT-OF-CPLX	Succinate dehydrogenase iron-sulfur subunit	NKDMNDFP_02405-MONOMER
##	
CPLX-HYBRID	Succinate--CoA ligase [ADP-forming]	CPLX6ODWLV-49
SUBUNIT-OF-CPLX	Succinate--CoA ligase [ADP-forming] subunit alpha	NKDMNDFP_00978-MONOMER
SUBUNIT-OF-CPLX	Succinate--CoA ligase [ADP-forming] subunit beta	NKDMNDFP_00977-MONOMER
##	
CPLX-HYBRID	Tryptophan synthase	CPLX6ODWLV-20
SUBUNIT-OF-CPLX	Tryptophan synthase alpha chain	NKDMNDFP_04659-MONOMER
SUBUNIT-OF-CPLX	Tryptophan synthase beta chain	NKDMNDFP_04658-MONOMER
##	
CPLX-HYBRID	Urease	CPLX6ODWLV-23
SUBUNIT-OF-CPLX	Urease subunit alpha	NKDMNDFP_00603-MONOMER
SUBUNIT-OF-CPLX	Urease subunit beta	NKDMNDFP_00602-MONOMER
SUBUNIT-OF-CPLX	Urease subunit gamma	NKDMNDFP_00601-MONOMER
##	
CPLX-HYBRID	Urease	CPLX6ODWLV-22
SUBUNIT-OF-CPLX	Urease subunit alpha	NKDMNDFP_02970-MONOMER
SUBUNIT-OF-CPLX	Urease subunit beta	NKDMNDFP_02969-MONOMER
SUBUNIT-OF-CPLX	Urease subunit gamma 2	NKDMNDFP_02968-MONOMER
##	
CPLX-HYBRID	cytochrome c oxidase	CPLX6ODWLV-27
SUBUNIT-OF-CPLX	Cytochrome c oxidase polypeptide 4	NKDMNDFP_04444-MONOMER
SUBUNIT-OF-CPLX	Cytochrome c oxidase subunit 2	NKDMNDFP_04443-MONOMER
SUBUNIT-OF-CPLX	putative cytochrome c oxidase subunit 3	NKDMNDFP_04450-MONOMER
##	
CPLX-HYBRID	methylmalonyl-CoA mutase	CPLX6ODWLV-47
SUBUNIT-OF-CPLX	putative methylmalonyl-CoA mutase large subunit	NKDMNDFP_01532-MONOMER
SUBUNIT-OF-CPLX	putative methylmalonyl-CoA mutase small subunit	NKDMNDFP_01533-MONOMER
##	
CPLX-HYBRID	succinyl-CoA:3-ketoacid coenzyme A transferase	CPLX6ODWLV-31
SUBUNIT-OF-CPLX	putative succinyl-CoA:3-ketoacid coenzyme A transferase subunit A	NKDMNDFP_05970-MONOMER
SUBUNIT-OF-CPLX	putative succinyl-CoA:3-ketoacid coenzyme A transferase subunit B	NKDMNDFP_05971-MONOMER
##	
CPLX-HYBRID	succinyl-CoA:3-ketoacid coenzyme A transferase	CPLX6ODWLV-29
SUBUNIT-OF-CPLX	putative succinyl-CoA:3-ketoacid coenzyme A transferase subunit A	NKDMNDFP_00165-MONOMER
SUBUNIT-OF-CPLX	putative succinyl-CoA:3-ketoacid coenzyme A transferase subunit B	NKDMNDFP_00166-MONOMER
##	
CPLX-HYBRID	succinyl-CoA:3-ketoacid coenzyme A transferase	CPLX6ODWLV-28
SUBUNIT-OF-CPLX	putative succinyl-CoA:3-ketoacid coenzyme A transferase subunit A	NKDMNDFP_05585-MONOMER
SUBUNIT-OF-CPLX	putative succinyl-CoA:3-ketoacid coenzyme A transferase subunit B	NKDMNDFP_05584-MONOMER
##	
##	
####	Complexes created, inferred by NAME STRING ANALYSIS
##	
##	This third mechanism for inference of protein complexes analyzes shared subunit-related
##	words in the names of several polypeptides. First, polypeptides are grouped together by
##	shared 'core strings.' A core string aims to capture the core function of a polypeptide
##	and is derived from a polypeptide name by removing subunit-related words and other
##	extraneous markup (for example, the core string for 'tryptophan synthase, subunit alpha'
##	is simply 'tryptophan synthase'). Next, a complex is created for each such a polypeptide
##	grouping unless all polypeptides have identical names.
##	
CPLX-BY-CORE-STRINGS	Anthranilate synthase	CPLX6ODWLV-85
SUBUNIT-OF-CPLX	Anthranilate synthase component 1	NKDMNDFP_04655-MONOMER
SUBUNIT-OF-CPLX	Anthranilate synthase component 2	NKDMNDFP_02706-MONOMER
##	
CPLX-BY-CORE-STRINGS	CoA-transferase	CPLX6ODWLV-80
SUBUNIT-OF-CPLX	Putative CoA-transferase subunit alpha	NKDMNDFP_05410-MONOMER
SUBUNIT-OF-CPLX	Putative CoA-transferase subunit beta	NKDMNDFP_05409-MONOMER
##	
CPLX-BY-CORE-STRINGS	CoA-transferase	CPLX6ODWLV-79
SUBUNIT-OF-CPLX	Putative CoA-transferase subunit alpha	NKDMNDFP_04830-MONOMER
SUBUNIT-OF-CPLX	Putative CoA-transferase subunit beta	NKDMNDFP_04831-MONOMER
##	
CPLX-BY-CORE-STRINGS	Flavin-dependent monooxygenase	CPLX6ODWLV-83
SUBUNIT-OF-CPLX	Flavin-dependent monooxygenase, oxygenase subunit HsaA	NKDMNDFP_04916-MONOMER
SUBUNIT-OF-CPLX	Flavin-dependent monooxygenase, reductase subunit HsaB	NKDMNDFP_04913-MONOMER
##	
CPLX-BY-CORE-STRINGS	Flavin-dependent monooxygenase	CPLX6ODWLV-82
SUBUNIT-OF-CPLX	Flavin-dependent monooxygenase, oxygenase subunit HsaA	NKDMNDFP_03838-MONOMER
SUBUNIT-OF-CPLX	Flavin-dependent monooxygenase, reductase subunit HsaB	NKDMNDFP_03832-MONOMER
##	
CPLX-BY-CORE-STRINGS	Protein translocase	CPLX6ODWLV-84
SUBUNIT-OF-CPLX	Protein translocase subunit SecA 1	NKDMNDFP_02291-MONOMER
SUBUNIT-OF-CPLX	Protein translocase subunit SecD	NKDMNDFP_01697-MONOMER
SUBUNIT-OF-CPLX	Protein translocase subunit SecE	NKDMNDFP_04180-MONOMER
SUBUNIT-OF-CPLX	Protein translocase subunit SecF	NKDMNDFP_01696-MONOMER
SUBUNIT-OF-CPLX	Protein translocase subunit SecY	NKDMNDFP_02574-MONOMER
##	
CPLX-BY-CORE-STRINGS	Ribosomal RNA small subunit methyltransferase	CPLX6ODWLV-81
SUBUNIT-OF-CPLX	Ribosomal RNA small subunit methyltransferase A	NKDMNDFP_01048-MONOMER
SUBUNIT-OF-CPLX	Ribosomal RNA small subunit methyltransferase D	NKDMNDFP_02084-MONOMER
SUBUNIT-OF-CPLX	Ribosomal RNA small subunit methyltransferase E	NKDMNDFP_04305-MONOMER
SUBUNIT-OF-CPLX	Ribosomal RNA small subunit methyltransferase G	NKDMNDFP_02668-MONOMER
SUBUNIT-OF-CPLX	Ribosomal RNA small subunit methyltransferase H	NKDMNDFP_04482-MONOMER
SUBUNIT-OF-CPLX	Ribosomal RNA small subunit methyltransferase I	NKDMNDFP_01039-MONOMER
##	
##	
####	Complexes created, inferred by ABC TRANSPORTER ANALYSIS
##	
##	This specialized protein complex inference mechanism analyzes the subunits
##	in one operon, of which some subunits contain the substring 'ABC transport'.
##	Other subunits in the operon are added to the complex, if they contain words like
##	'permease', 'ATP-binding', 'substrate binding', or 'periplasmic binding'.
##	
CPLX-ABC-TRANSPORT	ABC transporter	CPLX6ODWLV-69
SUBUNIT-OF-CPLX	Fatty acid ABC transporter ATP-binding/permease protein	NKDMNDFP_03893-MONOMER
SUBUNIT-OF-CPLX	putative ABC transporter ATP-binding protein	NKDMNDFP_03894-MONOMER
##	
CPLX-ABC-TRANSPORT	ABC transporter	CPLX6ODWLV-73
SUBUNIT-OF-CPLX	ATP-binding/permease protein CydD	NKDMNDFP_00586-MONOMER
SUBUNIT-OF-CPLX	putative ABC transporter ATP-binding/permease protein	NKDMNDFP_00587-MONOMER
##	
CPLX-ABC-TRANSPORT	Daunorubicin/doxorubicin resistance	CPLX6ODWLV-78
SUBUNIT-OF-CPLX	Daunorubicin/doxorubicin resistance ABC transporter permease protein DrrB	NKDMNDFP_00800-MONOMER
SUBUNIT-OF-CPLX	Daunorubicin/doxorubicin resistance ATP-binding protein DrrA	NKDMNDFP_00801-MONOMER
##	
CPLX-ABC-TRANSPORT	Daunorubicin/doxorubicin resistance	CPLX6ODWLV-77
SUBUNIT-OF-CPLX	Daunorubicin/doxorubicin resistance ABC transporter permease protein DrrB	NKDMNDFP_04146-MONOMER
SUBUNIT-OF-CPLX	Daunorubicin/doxorubicin resistance ATP-binding protein DrrA	NKDMNDFP_04147-MONOMER
##	
CPLX-ABC-TRANSPORT	Daunorubicin/doxorubicin resistance	CPLX6ODWLV-76
SUBUNIT-OF-CPLX	Daunorubicin/doxorubicin resistance ABC transporter permease protein DrrB	NKDMNDFP_03441-MONOMER
SUBUNIT-OF-CPLX	Daunorubicin/doxorubicin resistance ATP-binding protein DrrA	NKDMNDFP_03440-MONOMER
##	
CPLX-ABC-TRANSPORT	Daunorubicin/doxorubicin resistance	CPLX6ODWLV-75
SUBUNIT-OF-CPLX	Daunorubicin/doxorubicin resistance ABC transporter permease protein DrrB	NKDMNDFP_04949-MONOMER
SUBUNIT-OF-CPLX	Daunorubicin/doxorubicin resistance ATP-binding protein DrrA	NKDMNDFP_04950-MONOMER
##	
CPLX-ABC-TRANSPORT	Doxorubicin resistance	CPLX6ODWLV-74
SUBUNIT-OF-CPLX	Doxorubicin resistance ABC transporter permease protein DrrB	NKDMNDFP_02602-MONOMER
SUBUNIT-OF-CPLX	Doxorubicin resistance ATP-binding protein DrrA	NKDMNDFP_02601-MONOMER
SUBUNIT-OF-CPLX	putative doxorubicin resistance ABC transporter permease protein DrrC	NKDMNDFP_02603-MONOMER
##	
CPLX-ABC-TRANSPORT	Fatty acid ABC transporter	CPLX6ODWLV-68
SUBUNIT-OF-CPLX	Fatty acid ABC transporter ATP-binding/permease protein	NKDMNDFP_03027-MONOMER
SUBUNIT-OF-CPLX	putative ABC transporter ATP-binding protein	NKDMNDFP_03026-MONOMER
##	
CPLX-ABC-TRANSPORT	Multidrug efflux	CPLX6ODWLV-70
SUBUNIT-OF-CPLX	Multidrug efflux ATP-binding/permease protein	NKDMNDFP_04779-MONOMER
SUBUNIT-OF-CPLX	putative ABC transporter ATP-binding protein	NKDMNDFP_04778-MONOMER
##	
CPLX-ABC-TRANSPORT	Petrobactin import	CPLX6ODWLV-72
SUBUNIT-OF-CPLX	Petrobactin import ATP-binding protein FpuC	NKDMNDFP_05167-MONOMER
SUBUNIT-OF-CPLX	putative ABC transporter permease protein	NKDMNDFP_05168-MONOMER
##	
CPLX-ABC-TRANSPORT	Vitamin B12 import	CPLX6ODWLV-71
SUBUNIT-OF-CPLX	Vitamin B12 import ATP-binding protein BtuD	NKDMNDFP_03459-MONOMER
SUBUNIT-OF-CPLX	putative ABC transporter ATP-binding/permease protein	NKDMNDFP_03458-MONOMER
##	
##	
####	Complexes that pre-existed in the PGDB
##	
CPLX-PRE-EXISTING	putative (2-aminoethyl)phosphonate ATP-driven transporter	CPLX6ODWLV-1
SUBUNIT-OF-CPLX	Putative 2-aminoethylphosphonate transport system permease protein PhnU	NKDMNDFP_02018-MONOMER
SUBUNIT-OF-CPLX	Putative 2-aminoethylphosphonate transport system permease protein PhnV	NKDMNDFP_02019-MONOMER
##	
CPLX-PRE-EXISTING	putative K+ ATP-driven transporter	CPLX6ODWLV-7
SUBUNIT-OF-CPLX	Potassium-transporting ATPase KdpC subunit	NKDMNDFP_04320-MONOMER
SUBUNIT-OF-CPLX	Potassium-transporting ATPase potassium-binding subunit	NKDMNDFP_04318-MONOMER
##	
CPLX-PRE-EXISTING	putative L-glutamine ABC transporter	CPLX6ODWLV-8
SUBUNIT-OF-CPLX	ABC transporter glutamine-binding protein GlnH	NKDMNDFP_01830-MONOMER
SUBUNIT-OF-CPLX	putative glutamine ABC transporter permease protein GlnM	NKDMNDFP_01831-MONOMER
##	
CPLX-PRE-EXISTING	putative glutathione ATP-driven transporter	CPLX6ODWLV-4
SUBUNIT-OF-CPLX	Glutathione transport system permease protein GsiC	NKDMNDFP_01376-MONOMER
SUBUNIT-OF-CPLX	Glutathione transport system permease protein GsiD	NKDMNDFP_01375-MONOMER
##	
CPLX-PRE-EXISTING	putative iron(III)-enterobactin complex ATP-driven transporter	CPLX6ODWLV-5
SUBUNIT-OF-CPLX	Ferric enterobactin transport system permease protein FepD	NKDMNDFP_01065-MONOMER
SUBUNIT-OF-CPLX	Ferric enterobactin transport system permease protein FepG	NKDMNDFP_01066-MONOMER
##	
CPLX-PRE-EXISTING	putative phosphate ATP-driven transporter	CPLX6ODWLV-3
SUBUNIT-OF-CPLX	Phosphate transport system permease protein PstA 1	NKDMNDFP_00599-MONOMER
SUBUNIT-OF-CPLX	Phosphate transport system permease protein PstC 2	NKDMNDFP_00598-MONOMER
##	
CPLX-PRE-EXISTING	putative riboflavin ATP-driven transporter	CPLX6ODWLV-2
SUBUNIT-OF-CPLX	Riboflavin transport system permease protein RibX	NKDMNDFP_04897-MONOMER
SUBUNIT-OF-CPLX	Riboflavin transport system permease protein RibX	NKDMNDFP_04898-MONOMER
##	
CPLX-PRE-EXISTING	putative trehalose ATP-driven transporter	CPLX6ODWLV-6
SUBUNIT-OF-CPLX	Trehalose transport system permease protein SugA	NKDMNDFP_01277-MONOMER
SUBUNIT-OF-CPLX	Trehalose transport system permease protein SugB	NKDMNDFP_01278-MONOMER
##	
##	
####	 32 Polypeptides containing subunit-related words, but with no matching sibling subunits.
##	The columns are:
## Protein ID	Canonicalized core string used for matching	Common Name
##	
NKDMNDFP_00410-MONOMER	2oxoisovaleratedehydrogenase	2-oxoisovalerate dehydrogenase subunit beta
NKDMNDFP_00015-MONOMER	4nitrophenol2monooxygenase	4-nitrophenol 2-monooxygenase, oxygenase component
NKDMNDFP_00821-MONOMER	4nitrophenol4monooxygenase4nitrocatechol2monooxygenase	4-nitrophenol 4-monooxygenase/4-nitrocatechol 2-monooxygenase, reductase component
NKDMNDFP_03693-MONOMER	6hydroxypseudooxynicotinedehydrogenasecomplex	6-hydroxypseudooxynicotine dehydrogenase complex subunit alpha
NKDMNDFP_01478-MONOMER	aerobiccobaltochelatase	Aerobic cobaltochelatase subunit CobN
NKDMNDFP_03009-MONOMER	bsumimodificationmethylase	putative BsuMI modification methylase subunit YdiP
NKDMNDFP_03691-MONOMER	caffeinedehydrogenase	Caffeine dehydrogenase subunit alpha
NKDMNDFP_03033-MONOMER	carbazole19adioxygenaseterminal	Carbazole 1,9a-dioxygenase, terminal oxygenase component CarAa
NKDMNDFP_03621-MONOMER	carnitinemonooxygenase	Carnitine monooxygenase reductase subunit
NKDMNDFP_04448-MONOMER	cytochromebc1complexrieske	Cytochrome bc1 complex Rieske iron-sulfur subunit
NKDMNDFP_02619-MONOMER	dihydrolipoyllysineresidueacyltransferasecomponentofbranchedchainalphaketoaciddehydrogenasecomplex	Dihydrolipoyllysine-residue acyltransferase component of branched-chain alpha-ketoacid dehydrogenase complex
NKDMNDFP_04513-MONOMER	dnapolymeraseiii	DNA polymerase III subunit alpha
NKDMNDFP_05531-MONOMER	flavindependenttrigonellinemonooxygenase	Flavin-dependent trigonelline monooxygenase, reductase component
NKDMNDFP_02100-MONOMER	integrationhostfactor	Integration host factor subunit alpha
NKDMNDFP_01131-MONOMER	ironuptakesystem	Iron uptake system component EfeO
NKDMNDFP_04968-MONOMER	metalabctransporter	Metal ABC transporter substrate-binding lipoprotein
NKDMNDFP_02177-MONOMER	molybdopterinsynthase	Molybdopterin synthase catalytic subunit 1
NKDMNDFP_04727-MONOMER	multidrugabctransporter	putative multidrug ABC transporter ATP-binding protein YbhF
NKDMNDFP_00208-MONOMER	multidrugresistanceabctransporter	Multidrug resistance ABC transporter ATP-binding/permease protein BmrA
NKDMNDFP_03964-MONOMER	nad@p@hquinoneoxidoreductasesubunit2chloroplastic	NAD(P)H-quinone oxidoreductase subunit 2, chloroplastic
NKDMNDFP_01188-MONOMER	nucleasesbccd	Nuclease SbcCD subunit D
NKDMNDFP_01933-MONOMER	periplasmicnifesehydrogenase	Periplasmic [NiFeSe] hydrogenase large subunit
NKDMNDFP_00747-MONOMER	phenoxybenzoatedioxygenase	Phenoxybenzoate dioxygenase subunit beta
NKDMNDFP_00533-MONOMER	poly3hydroxyalkanoatepolymerase	Poly(3-hydroxyalkanoate) polymerase subunit PhaC
NKDMNDFP_05315-MONOMER	proteinmethioninesulfoxidereductase	Protein-methionine-sulfoxide reductase catalytic subunit MsrP
NKDMNDFP_01817-MONOMER	ptssystemfructosespecificeiiabc	PTS system fructose-specific EIIABC component
NKDMNDFP_05323-MONOMER	ptssystemglucosespecificeiia	PTS system glucose-specific EIIA component
NKDMNDFP_02675-MONOMER	ribonucleasep	Ribonuclease P protein component
NKDMNDFP_01149-MONOMER	ribosomalrnalargesubunitmethyltransferase	Ribosomal RNA large subunit methyltransferase G
NKDMNDFP_01698-MONOMER	sectransloconaccessorycomplex	Sec translocon accessory complex subunit YajC
NKDMNDFP_02402-MONOMER	succinatedehydrogenase2	Succinate dehydrogenase 2 membrane subunit SdhC
NKDMNDFP_03848-MONOMER	xylenemonooxygenase	Xylene monooxygenase electron transfer component
